Utbildningsgrupp (SUN 2000),SUN 2000,2006 Samtliga,2006 Kvinnor,2006 Män,2007 Samtliga,2007 Kvinnor,2007 Män,2008 Samtliga,2008 Kvinnor,2008 Män,2009 Samtliga,2009 Kvinnor,2009 Män,2010 Samtliga,2010 Kvinnor,2010 Män,2011 Samtliga,2011 Kvinnor,2011 Män,2012 Samtliga,2012 Kvinnor,2012 Män,2013 Samtliga,2013 Kvinnor,2013 Män,2014 Samtliga,2014 Kvinnor,2014 Män,2015 Samtliga,2015 Kvinnor,2015 Män,2016 Samtliga,2016 Kvinnor,2016 Män,2017 Samtliga,2017 Kvinnor,2017 Män,2018 Samtliga,2018 Kvinnor,2018 Män
Samtliga utbildningsgrupper,Samtliga utbildningsgrupper,4820934,2376927,2444007,4838227,2384517,2453710,4847121,2389451,2457670,4856477,2394225,2462252,4862744,2397165,2465579,4870679,2401309,2469370,4883971,2408784,2475187,4910989,2421477,2489512,4953673,2440112,2513561,5007727,2464755,2542972,5087511,2499867,2587644,5157662,2532975,2624687,5217639,2562001,2655638
Allmän utbildning,Folkskoleutbildning och motsvarande                                                                 ,283046,126237,156809,261309,117476,143833,239788,108909,130879,218616,100616,118000,199808,93754,106054,183108,87986,95122,168316,82719,85597,157846,79425,78421,152330,78034,74296,148428,77184,71244,147190,76755,70435,146503,77004,69499,145587,77094,68493
Allmän utbildning,Grundskoleutbildning och motsvarande                                                                ,503851,211278,292573,502685,208499,294186,500825,205689,295136,498652,202879,295773,495289,199812,295477,488856,195409,293447,482979,191233,291746,475962,186526,289436,470236,182571,287665,465504,179226,286278,462793,177215,285578,456229,173860,282369,446960,170069,276891
Allmän utbildning,"Samhällsvetenskaplig, social och humanistisk gymnasieutbildning",264159,160777,103382,270317,162578,107739,276691,164860,111831,282890,167104,115786,288925,169200,119725,295390,171226,124164,301836,173219,128617,309480,175827,133653,317063,178146,138917,323433,179334,144099,329929,180423,149506,335977,181797,154180,339048,181366,157682
Allmän utbildning,Naturvetenskaplig gymnasieutbildning                                                                ,44004,13339,30665,45570,13559,32011,46830,13770,33060,47454,13935,33519,47771,14082,33689,47875,14119,33756,48219,14275,33944,48355,14414,33941,48427,14532,33895,48311,14663,33648,48002,14736,33266,48223,15031,33192,48544,15243,33301
Pedagogik och lärarutbildning,Gymnasial utbildning inom pedagogiska området                                                       ,3746,2006,1740,3781,2053,1728,3771,2078,1693,3798,2105,1693,3779,2102,1677,3731,2078,1653,3666,2068,1598,3961,2391,1570,4538,2963,1575,5157,3588,1569,5894,4277,1617,7017,5347,1670,8764,7039,1725
Pedagogik och lärarutbildning,"Minst 30 (nya) högskolepoäng inom pedagogik, ej examen                                              ",44541,31353,13188,46132,32146,13986,46250,32142,14108,47033,32777,14256,48096,33496,14600,46896,32400,14496,47190,32499,14691,47466,32471,14995,47121,32004,15117,47889,32526,15363,49708,33741,15967,51696,35216,16480,53871,36816,17055
Pedagogik och lärarutbildning,Förskollärarutbildning                                                                              ,72403,68529,3874,70901,67087,3814,69862,66078,3784,68837,65090,3747,67734,64027,3707,66894,63224,3670,66034,62425,3609,65544,62031,3513,65130,61692,3438,64702,61328,3374,64664,61364,3300,64470,61247,3223,64323,61140,3183
Pedagogik och lärarutbildning,Fritidspedagogutbildning                                                                            ,18890,14027,4863,18442,13632,4810,18116,13368,4748,17746,13055,4691,17385,12772,4613,17068,12516,4552,16688,12223,4465,16285,11915,4370,16019,11708,4311,15859,11590,4269,15664,11437,4227,15526,11317,4209,15429,11214,4215
Pedagogik och lärarutbildning,Lärarutbildning för grundskolans lägre åldrar                                                       ,61848,51545,10303,64297,53933,10364,65941,55624,10317,67371,57103,10268,68588,58449,10139,70910,60812,10098,71363,61456,9907,71706,62053,9653,72310,62837,9473,72008,62759,9249,71198,62225,8973,70596,61779,8817,70414,61603,8811
Pedagogik och lärarutbildning,"Ämneslärarutbildning, allmänna ämnen                                                                ",52253,31848,20405,53503,33026,20477,55325,34441,20884,55579,34884,20695,55960,35393,20567,57183,36377,20806,57254,36584,20670,57588,37048,20540,58245,37686,20559,59041,38360,20681,59713,38849,20864,59972,39070,20902,60184,39259,20925
Pedagogik och lärarutbildning,Utbildning för lärare i praktiskt/estetiskt ämne                                                    ,25082,14723,10359,24410,14253,10157,23831,13826,10005,23528,13582,9946,23007,13267,9740,22600,12994,9606,22129,12737,9392,21626,12439,9187,21193,12171,9022,20847,11987,8860,20373,11741,8632,19862,11471,8391,19353,11178,8175
Pedagogik och lärarutbildning,Speciallärarutbildning                                                                              ,14327,12267,2060,14254,12313,1941,13997,12150,1847,13565,11875,1690,13040,11499,1541,12558,11150,1408,12204,10935,1269,11785,10639,1146,11347,10299,1048,11072,10111,961,11192,10259,933,11152,10278,874,11436,10567,869
Pedagogik och lärarutbildning,Yrkeslärarutbildning                                                                                ,16014,9014,7000,15242,8543,6699,14683,8210,6473,14078,7862,6216,13576,7542,6034,12731,6949,5782,12035,6550,5485,11421,6173,5248,10919,5859,5060,10450,5550,4900,10053,5297,4756,9620,5065,4555,9297,4860,4437
Pedagogik och lärarutbildning,Övrig eftergymnasial utbildning  inom pedagogik och lärarutbildning,20558,14415,6143,22098,15548,6550,23468,16665,6803,24851,17797,7054,25887,18659,7228,26965,19472,7493,28031,20277,7754,29221,21117,8104,30867,22338,8529,32592,23515,9077,35091,25348,9743,36710,26594,10116,38242,27802,10440
Humaniora och konst,Estetisk utbildning på gymnasial nivå                                                               ,31363,19554,11809,33699,21251,12448,36033,22954,13079,38410,24708,13702,40905,26657,14248,43724,28734,14990,46790,31060,15730,49763,33238,16525,53162,35622,17540,56717,38064,18653,60431,40580,19851,64339,43239,21100,67291,45285,22006
Humaniora och konst,Gymnasial utbildning för medieproduktion                                                            ,21125,10009,11116,22653,10658,11995,24268,11419,12849,25853,12202,13651,27390,12954,14436,28988,13773,15215,30845,14683,16162,32546,15496,17050,34367,16457,17910,36334,17583,18751,38160,18580,19580,40056,19690,20366,41335,20480,20855
Humaniora och konst,"Minst 30 (nya) högskolepoäng inom humaniora/konst, ej examen                                        ",52640,33243,19397,53775,33612,20163,54677,33833,20844,55738,34140,21598,56713,34307,22406,57514,34501,23013,58595,34767,23828,59509,35060,24449,60600,35388,25212,61495,35566,25929,62411,35961,26450,63190,36118,27072,64166,36552,27614
Humaniora och konst,Humanistisk högskoleutbildning (minst 3 år)                                                         ,28729,19279,9450,29292,19611,9681,29682,19917,9765,30020,20152,9868,30428,20466,9962,31249,21017,10232,31813,21436,10377,32250,21733,10517,33106,22284,10822,34176,23012,11164,35637,23939,11698,37024,24964,12060,38122,25774,12348
Humaniora och konst,Konstnärlig eftergymnasial utbildning                                                               ,19978,10720,9258,20902,11342,9560,21752,11893,9859,22703,12536,10167,23830,13251,10579,24607,13777,10830,25445,14380,11065,26762,15237,11525,28348,16266,12082,29982,17262,12720,31724,18239,13485,32987,19102,13885,34346,19959,14387
Humaniora och konst,"Medieproduktion, eftergymnasial utbildning                                                          ",5733,2674,3059,6236,2908,3328,6815,3154,3661,7455,3443,4012,8171,3745,4426,8846,4044,4802,9418,4324,5094,10058,4620,5438,10639,4878,5761,11308,5224,6084,12018,5597,6421,12644,5966,6678,13257,6326,6931
Humaniora och konst,Teologisk eftergymnasial utb (minst 3 år)                                                           ,6484,2586,3898,6524,2668,3856,6497,2719,3778,6516,2769,3747,6534,2841,3693,6550,2886,3664,6538,2938,3600,6514,2966,3548,6446,2988,3458,6398,2999,3399,6369,3029,3340,6337,3089,3248,6277,3110,3167
Humaniora och konst,Övrig eftergymnasial utbildning inom humaniora och konst                                            ,5455,3393,2062,5686,3527,2159,5947,3656,2291,6265,3816,2449,6508,3958,2550,6749,4097,2652,7028,4244,2784,7485,4531,2954,8012,4811,3201,8435,5029,3406,8952,5288,3664,9303,5467,3836,9269,5475,3794
"Samhällsvetenskap, juridik, handel, administration",Handelsgymnasium / ekonomisk linje/program på gymnasiet                                             ,127380,75520,51860,124564,73567,50997,121510,71486,50024,117876,69060,48816,114495,66743,47752,110867,64323,46544,107279,61902,45377,103570,59395,44175,100197,57243,42954,96914,55272,41642,93423,53222,40201,89858,51135,38723,86753,49492,37261
"Samhällsvetenskap, juridik, handel, administration",Yrkesinriktad utbildning på gymnasial nivå inom handel och administration                           ,315719,227220,88499,309550,221550,88000,301761,214583,87178,294077,207607,86470,285005,199864,85141,277530,193239,84291,270887,187345,83542,264684,181637,83047,259221,176587,82634,255091,172805,82286,251021,169042,81979,246278,164984,81294,241012,160785,80227
"Samhällsvetenskap, juridik, handel, administration","Minst 30 (nya) högskolepoäng inom samhällsv/ekonomi/juridik, ej examen                              ",105757,60063,45694,108969,61860,47109,112075,63591,48484,115884,65745,50139,119926,68034,51892,123225,69881,53344,125875,71258,54617,128024,72492,55532,129541,73396,56145,129970,73485,56485,130952,73796,57156,133191,75031,58160,135743,76389,59354
"Samhällsvetenskap, juridik, handel, administration",Biblioteks- och informationsvetenskaplig högskoleutbildning (minst 3 år)                            ,5918,4685,1233,6049,4794,1255,6182,4889,1293,6257,4946,1311,6243,4922,1321,6238,4913,1325,6140,4826,1314,6171,4845,1326,6156,4832,1324,6208,4892,1316,6230,4938,1292,6253,4959,1294,6272,4982,1290
"Samhällsvetenskap, juridik, handel, administration",Ekonomutbildning (högskoleutbildning minst 3 år)                                                    ,89683,41162,48521,95140,44585,50555,99958,47699,52259,104502,50657,53845,108874,53406,55468,114264,56687,57577,119389,59951,59438,124669,63326,61343,130378,66896,63482,136403,70824,65579,142383,74354,68029,148128,77994,70134,153910,81715,72195
"Samhällsvetenskap, juridik, handel, administration","Högskoleutbildning för organisation, administration, förvaltning (minst 3 år)                       ",14630,8838,5792,14509,8758,5751,14436,8722,5714,14289,8646,5643,14138,8604,5534,14039,8630,5409,13976,8676,5300,13960,8767,5193,13876,8833,5043,14027,9035,4992,14076,9183,4893,14119,9323,4796,14213,9491,4722
"Samhällsvetenskap, juridik, handel, administration",Juridisk högskoleutbildning (minst 3 år)                                                            ,30948,14593,16355,32037,15500,16537,32958,16371,16587,33797,17221,16576,34523,17995,16528,35459,18884,16575,36598,19928,16670,37725,20867,16858,39081,21887,17194,40595,22977,17618,42475,24181,18294,43679,25135,18544,45211,26250,18961
"Samhällsvetenskap, juridik, handel, administration",Journalist- och medieutbildning (eftergymnasial)                                                    ,9840,6163,3677,10367,6565,3802,10858,6919,3939,11454,7368,4086,11987,7800,4187,12759,8385,4374,13533,8954,4579,14573,9706,4867,15713,10522,5191,16956,11439,5517,18273,12424,5849,19426,13296,6130,20317,13991,6326
"Samhällsvetenskap, juridik, handel, administration",Högskoleutbildning i psykologi och psykoterapi (minst 3 år)                                         ,15256,10973,4283,16033,11611,4422,16740,12217,4523,17248,12662,4586,17770,13124,4646,18342,13589,4753,19257,14341,4916,20119,15044,5075,21094,15809,5285,22327,16881,5446,23495,17850,5645,24510,18732,5778,25336,19418,5918
"Samhällsvetenskap, juridik, handel, administration",Samhälls- och beteendevetenskaplig högskoleutbildning (minst 3 år)                                  ,37233,18620,18613,37638,19501,18137,37816,20311,17505,37811,21124,16687,37840,21909,15931,37797,22667,15130,38083,23486,14597,38812,24566,14246,40066,25804,14262,41694,27248,14446,43948,29063,14885,46197,30793,15404,48489,32585,15904
"Samhällsvetenskap, juridik, handel, administration","Övrig eftergymnasial utb inom samhällsv, juridik, handel, administration                            ",74608,43226,31382,75195,43927,31268,76394,45095,31299,77938,46413,31525,79749,48051,31698,81982,49925,32057,84319,51851,32468,87265,54103,33162,90666,56282,34384,94296,58734,35562,98487,61304,37183,102601,64261,38340,104502,66106,38396
"Naturvetenskap, matematik och data",Yrkesinriktad utbildning på gymnasial nivå inom naturv/matematik/data                               ,24918,13629,11289,25245,13660,11585,25508,13628,11880,25706,13521,12185,25921,13426,12495,26085,13273,12812,26283,13247,13036,26383,13074,13309,26503,12958,13545,26565,12772,13793,26816,12716,14100,26944,12601,14343,26934,12462,14472
"Naturvetenskap, matematik och data","Minst 30 (nya) högskolepoäng inom naturv/matematik/data, ej examen                                  ",30548,10874,19674,31027,10853,20174,31418,10869,20549,32052,10924,21128,32814,11098,21716,33883,11336,22547,34773,11590,23183,35693,11721,23972,36731,11979,24752,37676,12167,25509,38968,12467,26501,40358,12831,27527,41773,13156,28617
"Naturvetenskap, matematik och data",Programmerar- och systemerarutbildning (eftergymnasial)                                             ,30590,11779,18811,31158,11918,19240,31836,12018,19818,32530,12109,20421,33468,12298,21170,34884,12523,22361,36246,12847,23399,37775,13227,24548,39693,13673,26020,41702,14222,27480,44029,14806,29223,46605,15557,31048,53116,16944,36172
"Naturvetenskap, matematik och data",Naturvetenskaplig högskoleutbildning (minst 3 år)                                                   ,40038,16517,23521,41471,17312,24159,42706,18126,24580,44248,19094,25154,45358,19961,25397,46900,21026,25874,47748,21734,26014,48673,22434,26239,49687,23094,26593,50576,23766,26810,52237,24776,27461,53964,25775,28189,55336,26642,28694
"Naturvetenskap, matematik och data","Övrig eftergymnasial utbildning inom naturvetenskap, matematik och data",6997,2362,4635,7365,2517,4848,7810,2712,5098,8383,2958,5425,8828,3167,5661,9538,3421,6117,10080,3651,6429,10587,3922,6665,11212,4202,7010,11777,4476,7301,12294,4680,7614,12608,4914,7694,12937,5098,7839
Teknik och tillverkning,"Tekniskt gymnasium, 1-3 år                                                                          ",91593,4869,86724,85711,4641,81070,79479,4359,75120,73169,4046,69123,67084,3778,63306,61407,3524,57883,55866,3230,52636,50958,3029,47929,47709,2899,44810,44529,2766,41763,41546,2645,38901,38485,2564,35921,35532,2439,33093
Teknik och tillverkning,Byggutbildning vid gymnasium/yrkesskola                                                             ,96241,1617,94624,96665,1629,95036,97998,1660,96338,99401,1689,97712,101244,1749,99495,103269,1858,101411,105767,1977,103790,108245,2113,106132,111068,2304,108764,114285,2595,111690,117869,2975,114894,121915,3427,118488,125203,3855,121348
Teknik och tillverkning,Elektro- och datateknisk utbildning  vid gymnasium/yrkesskola                                       ,121302,4637,116665,122362,4581,117781,123558,4511,119047,125499,4446,121053,127467,4445,123022,129633,4448,125185,132112,4444,127668,134684,4471,130213,136948,4481,132467,139594,4519,135075,142485,4636,137849,145552,4720,140832,147606,4777,142829
Teknik och tillverkning,Fordons- och farkostutbildning vid gymnasium/yrkesskola                                             ,79894,1480,78414,81174,1485,79689,82362,1495,80867,83024,1511,81513,84399,1567,82832,86140,1651,84489,87915,1762,86153,89910,1900,88010,92209,2044,90165,94651,2237,92414,96952,2429,94523,98911,2608,96303,100376,2760,97616
Teknik och tillverkning,Textil- och konfektionsutbildning vid gymnasium/yrkesskola                                          ,16800,15248,1552,16162,14700,1462,15541,14134,1407,14896,13540,1356,14254,12971,1283,13665,12439,1226,13079,11905,1174,12504,11386,1118,11939,10884,1055,11394,10403,991,10857,9918,939,10582,9684,898,10000,9160,840
Teknik och tillverkning,Livsmedelsutbildning vid gymnasium/yrkesskola                                                       ,12278,5263,7015,12343,5282,7061,12602,5481,7121,12815,5653,7162,13097,5897,7200,13417,6165,7252,13801,6487,7314,14112,6786,7326,14435,7074,7361,14790,7404,7386,15086,7672,7414,15473,8026,7447,15667,8239,7428
Teknik och tillverkning,Processutbildning vid gymnasium/yrkesskola                                                          ,6141,902,5239,6142,889,5253,6089,866,5223,6121,869,5252,6039,848,5191,5963,828,5135,5884,810,5074,5816,797,5019,5721,772,4949,5651,753,4898,5556,734,4822,5485,712,4773,5389,692,4697
Teknik och tillverkning,Energi & VVS-utbildning vid gymnasium/yrkesskola                                                    ,23302,264,23038,23411,264,23147,23411,264,23147,24126,308,23818,24224,308,23916,24408,312,24096,24682,320,24362,25009,325,24684,25402,331,25071,25862,351,25511,26482,371,26111,27071,397,26674,27744,416,27328
Teknik och tillverkning,Träutbildning vid gymnasium/yrkesskola                                                              ,22538,1436,21102,22242,1407,20835,21869,1381,20488,21427,1345,20082,20987,1336,19651,20561,1307,19254,20117,1289,18828,19596,1266,18330,19102,1253,17849,18572,1221,17351,17994,1189,16805,17469,1162,16307,16849,1146,15703
Teknik och tillverkning,Verkstadsutbildning vid gymnasium/yrkesskola                                                        ,157864,10450,147414,157763,10401,147362,157080,10278,146802,156344,10169,146175,155759,10048,145711,155031,9943,145088,154140,9823,144317,153622,9724,143898,152865,9576,143289,152610,9464,143146,152199,9363,142836,152075,9258,142817,150769,9136,141633
Teknik och tillverkning,Övrig gymnasial utbildning inom teknik och tillverkning                                             ,96312,14382,81930,91404,13725,77679,85739,12987,72752,80632,12222,68410,75016,11407,63609,70546,10821,59725,66126,10230,55896,62320,9705,52615,58534,9251,49283,56041,8976,47065,54226,8722,45504,52887,8470,44417,52233,8253,43980
Teknik och tillverkning,"Minst 30 (nya) högskolepoäng inom teknik, ej examen                                                 ",52361,11534,40827,54421,11867,42554,56636,12135,44501,59580,12657,46923,62526,13249,49277,65197,13808,51389,67202,14304,52898,69157,14807,54350,70905,15188,55717,72606,15514,57092,74667,15973,58694,77832,16724,61108,81233,17678,63555
Teknik och tillverkning,Arkitekt- och landskapsarkitektutbildning                                                           ,5851,2756,3095,5939,2847,3092,6036,2990,3046,6059,3070,2989,6046,3147,2899,6158,3278,2880,6244,3393,2851,6301,3500,2801,6480,3667,2813,6718,3858,2860,6904,4015,2889,7070,4164,2906,7286,4338,2948
Teknik och tillverkning,"Civilingenjörsutbildning: väg och vatten, byggnad, lantmäteri                                       ",14879,4042,10837,14976,4185,10791,15150,4349,10801,15369,4561,10808,15620,4779,10841,16365,5176,11189,16627,5425,11202,17177,5805,11372,17616,6104,11512,18096,6400,11696,18732,6816,11916,19374,7255,12119,19973,7641,12332
Teknik och tillverkning,"Civilingenjörsutbildning: maskin, fordon/farkost, industriell ekonomi                               ",29661,4877,24784,30523,5207,25316,31119,5501,25618,31761,5766,25995,32654,6130,26524,32960,6260,26700,33698,6513,27185,34724,6866,27858,35790,7292,28498,36821,7721,29100,38188,8224,29964,39384,8751,30633,40558,9288,31270
Teknik och tillverkning,"Civilingenjörsutbildning: elektroteknik, teknisk fysik, data                                        ",33398,4059,29339,34575,4316,30259,35580,4552,31028,35880,4693,31187,37011,4935,32076,37364,4954,32410,38158,5141,33017,39042,5347,33695,39651,5491,34160,40255,5714,34541,41445,6060,35385,42457,6400,36057,43292,6680,36612
Teknik och tillverkning,"Civilingenjörsutbildning: kemi- och bioteknik, material- och geoteknik                              ",13440,5331,8109,13708,5570,8138,13998,5877,8121,14167,6064,8103,14448,6301,8147,14846,6480,8366,15045,6677,8368,15341,6918,8423,15516,7083,8433,15709,7292,8417,16013,7499,8514,16391,7738,8653,16561,7934,8627
Teknik och tillverkning,Civilingenjörsutbildning; övrig/ospec. inriktning                                                   ,7395,1773,5622,8560,2127,6433,9507,2461,7046,10183,2740,7443,10621,2884,7737,11413,3188,8225,11745,3357,8388,12229,3560,8669,12986,3850,9136,13555,4119,9436,14013,4322,9691,14449,4468,9981,16689,5108,11581
Teknik och tillverkning,"Ingenjörsutbildning: väg och vatten, byggnad, lantmäteri (eftergymn)                                ",19075,3760,15315,19555,3996,15559,19985,4177,15808,20568,4420,16148,21260,4734,16526,21914,5090,16824,22610,5397,17213,23467,5834,17633,24305,6233,18072,25397,6732,18665,26367,7182,19185,27247,7688,19559,27803,8140,19663
Teknik och tillverkning,"Ingenjörsutbildning: maskin, fordon/farkost, industriell ekonomi (eftergymn)                        ",34839,4058,30781,35362,4272,31090,35822,4436,31386,36451,4659,31792,36974,4818,32156,37253,4980,32273,37598,5148,32450,37981,5271,32710,38551,5506,33045,39090,5750,33340,39709,6019,33690,40258,6334,33924,40560,6598,33962
Teknik och tillverkning,"Ingenjörsutbildning: elektroteknik, teknisk fysik, data (eftergymn)                                 ",48935,5394,43541,49626,5506,44120,50244,5630,44614,51232,5748,45484,51640,5826,45814,51701,5834,45867,51713,5882,45831,51897,5949,45948,52131,6052,46079,52579,6196,46383,52911,6332,46579,53141,6456,46685,52690,6580,46110
Teknik och tillverkning,"Ingenjörsutbildning: kemi o bioteknik, material- o geoteknik (eftergymn)                            ",7274,3503,3771,7352,3557,3795,7444,3613,3831,7625,3710,3915,7699,3757,3942,7735,3770,3965,7725,3798,3927,7755,3829,3926,7817,3895,3922,7867,3950,3917,7938,4017,3921,7953,4085,3868,7824,4099,3725
Teknik och tillverkning,Ingenjörsutbildning; övrig/ospec. inriktning (eftergymnasial)                                       ,25061,2376,22685,24646,2348,22298,24203,2342,21861,23747,2358,21389,23129,2345,20784,22508,2338,20170,21796,2336,19460,20753,2321,18432,19176,2311,16865,17072,2266,14806,15442,2278,13164,14267,2275,11992,14097,2290,11807
Teknik och tillverkning,Övrig eftergymnasial utbildning inom teknik och tillverkning                                        ,33537,5851,27686,35798,6357,29441,38431,7047,31384,41093,7734,33359,44222,8602,35620,47708,9414,38294,50988,10251,40737,54501,11061,43440,58808,12108,46700,63301,13138,50163,68356,14326,54030,72935,15443,57492,76661,16424,60237
Lant- och skogsbruk samt djursjukvård,Gymnasial utbildning inom lant- och skogsbruk samt djursjukvård                                     ,60555,15643,44912,60426,16153,44273,60134,16719,43415,59949,17347,42602,59829,18044,41785,60305,18950,41355,60886,19837,41049,61556,20733,40823,62388,21693,40695,63448,22774,40674,64674,23889,40785,66040,24995,41045,67195,25913,41282
Lant- och skogsbruk samt djursjukvård,"Minst 30 (nya) högskolepoäng inom lant- o skogsbruk/djursjukvård, ej examen                         ",1847,953,894,2056,1062,994,2135,1093,1042,2227,1121,1106,2390,1224,1166,2510,1293,1217,2633,1379,1254,2742,1438,1304,2906,1550,1356,2980,1580,1400,3099,1657,1442,3207,1684,1523,3395,1793,1602
Lant- och skogsbruk samt djursjukvård,Jordbruksvetenskaplig högskoleutbildning (minst 3 år)                                               ,4450,2150,2300,4455,2192,2263,4506,2268,2238,4511,2322,2189,4531,2372,2159,4557,2426,2131,4516,2458,2058,4547,2528,2019,4605,2628,1977,4688,2714,1974,4849,2830,2019,4947,2920,2027,5039,3000,2039
Lant- och skogsbruk samt djursjukvård,Skogsbruksvetenskaplig högskoleutbildning (minst 3 år)                                              ,2033,341,1692,2054,350,1704,2090,373,1717,2157,395,1762,2196,425,1771,2267,444,1823,2345,473,1872,2400,502,1898,2466,527,1939,2564,570,1994,2669,612,2057,2769,663,2106,2847,700,2147
Lant- och skogsbruk samt djursjukvård,Veterinärutbildning                                                                                 ,2396,1485,911,2493,1589,904,2590,1693,897,2657,1767,890,2762,1886,876,2826,1974,852,2925,2088,837,3002,2193,809,3084,2293,791,3187,2405,782,3256,2480,776,3342,2573,769,3424,2671,753
Lant- och skogsbruk samt djursjukvård,"Övrig eftergymnasial utbildning inom lant- och skogsbruk, djursjukvård                              ",10179,2289,7890,10543,2607,7936,10979,2979,8000,11265,3297,7968,11579,3615,7964,11969,3961,8008,12314,4254,8060,12648,4570,8078,13024,4824,8200,13465,5172,8293,13858,5447,8411,14050,5726,8324,14341,6056,8285
Hälso- och sjukvård samt social omsorg,Gymnasial utbildning med inriktning mot barn och ungdom                                             ,87227,78382,8845,88310,78853,9457,88789,78754,10035,89064,78479,10585,89256,78047,11209,89444,77584,11860,90109,77507,12602,90549,77167,13382,90911,76764,14147,91400,76469,14931,91614,75982,15632,91491,75315,16176,90787,74191,16596
Hälso- och sjukvård samt social omsorg,Omvårdnads- och omsorgsutbildning på gymnasial nivå                                                 ,224106,205838,18268,223659,205106,18553,222270,203481,18789,220063,201178,18885,218085,199086,18999,217011,197685,19326,215603,196067,19536,214336,194599,19737,213893,193611,20282,213977,193121,20856,214097,192480,21617,214104,191476,22628,213145,189533,23612
Hälso- och sjukvård samt social omsorg,Tandvårdsutbildning på gymnasial nivå                                                               ,14223,13129,1094,13860,12795,1065,13382,12344,1038,12908,11894,1014,12422,11438,984,11923,10978,945,11412,10497,915,10910,10025,885,10340,9477,863,9779,8962,817,9261,8469,792,8684,7929,755,8056,7358,698
Hälso- och sjukvård samt social omsorg,Övrig gymnasial utbildning inom hälso- och sjukvård/social omsorg                                   ,25112,21008,4104,23970,20006,3964,22810,18942,3868,21628,17876,3752,20389,16751,3638,19233,15718,3515,18058,14640,3418,17010,13675,3335,16158,12882,3276,15292,12080,3212,14820,11538,3282,14102,10908,3194,13533,10442,3091
Hälso- och sjukvård samt social omsorg,"Minst 30 (nya) högskolepoäng inom hälso- o sjukvård/social omsorg, ej examen                        ",28600,22709,5891,29079,22840,6239,30023,23578,6445,30840,24203,6637,31596,24541,7055,32033,24586,7447,32589,24967,7622,33262,25410,7852,33590,25622,7968,34268,26031,8237,35194,26622,8572,36471,27503,8968,37886,28504,9382
Hälso- och sjukvård samt social omsorg,Apotekarutbildning                                                                                  ,3166,2163,1003,3279,2287,992,3356,2373,983,3457,2471,986,3622,2615,1007,3994,2881,1113,4277,3087,1190,4462,3233,1229,4621,3362,1259,4828,3518,1310,5043,3666,1377,5277,3831,1446,5475,3978,1497
Hälso- och sjukvård samt social omsorg,Arbetsterapeututbildning                                                                            ,9590,9154,436,9770,9313,457,9912,9433,479,9822,9351,471,10171,9650,521,10272,9721,551,10365,9798,567,10382,9798,584,10449,9835,614,10540,9884,656,10647,9965,682,10722,10001,721,10824,10058,766
Hälso- och sjukvård samt social omsorg,Biomedicinsk analytiker- och laboratorieassistentutbildning                                         ,12278,11296,982,12262,11260,1002,12051,11048,1003,12079,11015,1064,11804,10715,1089,11487,10380,1107,11140,10031,1109,10779,9672,1107,10447,9351,1096,10109,9007,1102,9838,8708,1130,9606,8450,1156,9361,8186,1175
Hälso- och sjukvård samt social omsorg,Fritidsledarutbildning (eftergymnasial)                                                             ,13902,7016,6886,13755,6926,6829,13668,6872,6796,13620,6877,6743,13613,6901,6712,13534,6874,6660,13486,6862,6624,13367,6818,6549,13259,6768,6491,13115,6714,6401,12931,6620,6311,12639,6509,6130,12344,6338,6006
Hälso- och sjukvård samt social omsorg,Läkarutbildning                                                                                     ,39342,17696,21646,40781,18727,22054,41989,19669,22320,43058,20577,22481,43953,21364,22589,44687,22014,22673,45200,22623,22577,45998,23286,22712,47189,24168,23021,48521,25097,23424,50247,26199,24048,51279,26989,24290,52590,27976,24614
Hälso- och sjukvård samt social omsorg,Receptarieutbildning                                                                                ,5717,5564,153,5753,5590,163,5693,5528,165,5539,5363,176,5366,5184,182,5128,4939,189,4943,4762,181,4745,4562,183,4553,4360,193,4424,4226,198,4342,4133,209,4347,4129,218,4367,4132,235
Hälso- och sjukvård samt social omsorg,Sjukgymnastutbildning/fysioterapeututbildning                                                       ,12865,10151,2714,12956,10178,2778,12951,10132,2819,12860,10010,2850,12999,10058,2941,13086,10056,3030,13077,9965,3112,13104,9915,3189,13100,9838,3262,13153,9820,3333,13231,9873,3358,13309,9901,3408,13430,9936,3494
Hälso- och sjukvård samt social omsorg,Sjuksköterskeutbildning                                                                             ,118600,106798,11802,120464,108168,12296,121641,108928,12713,122727,109576,13151,123532,110094,13438,124780,111027,13753,125163,111159,14004,125699,111458,14241,126143,111665,14478,126681,111937,14744,127449,112430,15019,127867,112640,15227,128786,113292,15494
Hälso- och sjukvård samt social omsorg,Social serviceutbildning                                                                            ,11859,10780,1079,12051,10924,1127,12279,11086,1193,12501,11262,1239,12732,11426,1306,12908,11498,1410,12941,11488,1453,12972,11478,1494,12957,11418,1539,13081,11469,1612,13144,11462,1682,13225,11442,1783,13198,11351,1847
Hälso- och sjukvård samt social omsorg,Socionomutbildning                                                                                  ,30131,24470,5661,31056,25391,5665,31857,26189,5668,32615,26938,5677,33468,27839,5629,34528,28886,5642,35544,29879,5665,36636,30921,5715,37831,32083,5748,38795,33048,5747,39824,34112,5712,40703,35036,5667,41421,35771,5650
Hälso- och sjukvård samt social omsorg,Tandhygienistutbildning                                                                             ,3608,3549,59,3625,3560,65,3639,3566,73,3618,3548,70,3593,3515,78,3572,3492,80,3545,3464,81,3510,3428,82,3449,3364,85,3375,3285,90,3318,3228,90,3249,3155,94,3218,3114,104
Hälso- och sjukvård samt social omsorg,Tandläkarutbildning                                                                                 ,9117,4641,4476,9127,4725,4402,9088,4783,4305,9024,4817,4207,8987,4866,4121,8961,4920,4041,8913,4976,3937,8894,5046,3848,9015,5139,3876,9213,5293,3920,9348,5375,3973,9369,5456,3913,9451,5584,3867
Hälso- och sjukvård samt social omsorg,Övrig eftergymnasial utbildning inom hälso- och sjukvård/social omsorg                              ,26124,19776,6348,28674,21863,6811,31472,24251,7221,34212,26532,7680,36437,28503,7934,39301,30935,8366,42457,33610,8847,46050,36531,9519,49691,39401,10290,53270,42313,10957,57519,45673,11846,61260,48728,12532,64814,51867,12947
Tjänster,Hotell- och restaurangutbildning på gymnasial nivå                                                  ,71666,43636,28030,75032,45304,29728,77365,46244,31121,77136,45926,31210,79831,47289,32542,82878,48904,33974,85395,50274,35121,88197,51989,36208,91212,53873,37339,94064,55654,38410,96554,57074,39480,99477,58739,40738,100787,59295,41492
Tjänster,Transportutbildning på gymnasial nivå                                                               ,54817,12771,42046,54735,12128,42607,54168,11381,42787,53567,10597,42970,53234,9873,43361,53074,9245,43829,52445,8632,43813,52648,8163,44485,53443,7803,45640,54614,7579,47035,55898,7445,48453,56814,7327,49487,57817,7267,50550
Tjänster,Övrig  gymnasial utbildning inom tjänsteområdet                                                     ,98024,81315,16709,94933,78790,16143,91505,75924,15581,91080,74830,16250,87728,72058,15670,85321,69883,15438,82787,67705,15082,80615,65807,14808,79065,64320,14745,77748,63030,14718,76894,62056,14838,76195,61495,14700,75223,60820,14403
Tjänster,"Minst 30 (nya) högskolepoäng inom tjänsteområdet, ej examen                                         ",4671,2391,2280,5006,2541,2465,5307,2668,2639,5769,2895,2874,6434,3160,3274,6982,3417,3565,7429,3630,3799,7918,3832,4086,8447,4057,4390,9013,4347,4666,9616,4552,5064,10030,4664,5366,10459,4803,5656
Tjänster,Yrkesmilitärutbildning på eftergymnasial nivå                                                       ,19816,565,19251,19264,564,18700,18656,568,18088,17921,558,17363,17542,569,16973,17206,580,16626,16902,604,16298,16635,617,16018,16131,624,15507,15699,633,15066,15230,634,14596,14758,634,14124,14282,639,13643
Tjänster,Polisutbildning                                                                                     ,19158,3929,15229,19277,4186,15091,19415,4452,14963,19573,4665,14908,20149,5045,15104,20203,5292,14911,19836,5369,14467,19674,5464,14210,19621,5567,14054,19566,5677,13889,19341,5739,13602,19268,5850,13418,19030,5858,13172
Tjänster,Transportutbildning på eftergymnasial nivå                                                          ,7336,1083,6253,7438,1179,6259,7656,1327,6329,8247,1522,6725,8538,1698,6840,9064,1928,7136,9538,2134,7404,9918,2302,7616,10283,2417,7866,10635,2522,8113,10930,2595,8335,11401,2718,8683,11829,2883,8946
Tjänster,Övrig eftergymnasial utbildning inom tjänsteområdet                                                 ,14646,8499,6147,16430,9516,6914,18424,10671,7753,20146,11900,8246,22329,13296,9033,24794,14831,9963,26925,16280,10645,29562,18127,11435,32162,19842,12320,34876,21645,13231,37652,23442,14210,40010,24952,15058,46240,27644,18596
Okänd,"Gymnasial utbildning, ospecificerad                                                                 ",77400,34612,42788,79587,35271,44316,80172,35227,44945,80426,35167,45259,80131,34760,45371,79798,34417,45381,79923,34269,45654,79852,33899,45953,80535,33930,46605,81211,34070,47141,82120,34238,47882,82023,33897,48126,82479,33745,48734
Okänd,"Eftergymnasial utbildning, ospecificerad                                                            ",23090,12053,11037,26036,13630,12406,27387,14335,13052,29147,15432,13715,30479,16261,14218,32251,17209,15042,34147,18384,15763,35201,18880,16321,37088,19682,17406,38492,20246,18246,40438,21118,19320,41827,21657,20170,42735,22314,20421
Okänd,UPPGIFT SAKNAS                                                                                      ,67020,30190,36830,67586,29083,38503,72864,31455,41409,78885,34054,44831,81354,34501,46853,76846,32272,44574,78683,33114,45569,82292,34365,47927,83713,34194,49519,87696,35069,52627,100356,40125,60231,110985,44242,66743,117867,47601,70266

